explanatory variables,coefficient,se,hazard ratio
lngamma, 0.374097 , 0.047450 , 1.453678 
cons,-5.490935 , 0.207892 , 0.004124 
age,-0.036702 , 0.005211 , 0.963963 
male, 0.768536 , 0.109066 , 2.156607 
NP1,-1.344474 , 0.382582 , 0.260677 
