Age,Index,Males,Females
35-44,35,0.00151,0.00099
45-54,45,0.00393,0.0026
55-64,55,0.0109,0.0067
65-74,65,0.0316,0.0193
75-84,75,0.0801,0.0535
85 and over,85,0.1879,0.1548
